metrics-alerts,1,metrics
metrics-alerts,1,alerts
metrics-alerts,1.2,SRE
implement-alerts,1,metrics
implement-alerts,1,alerts
implement-alerts,1.2,SRE
implement-alerts,2,implement
implement-alerts-log,1,metrics
implement-alerts-log,1,alerts
implement-alerts-log,1.2,SRE
implement-alerts-log,2,implement
implement-alerts-log,3,log
alerts-health-checks,1,metrics
alerts-health-checks,1,alerts
alerts-health-checks,3,health.+check
analyze-metrics,3,combination
analyze-metrics,1,metrics
analyze-metrics,1.2,SRE
degraded-systems,1.2,SRE
degraded-systems,1,communication
degraded-systems,1,degraded
degraded-systems,1,notif.+
alerts-self-healing,2,self.+healing
alerts-self-healing,1.2,SRE
alerts-self-healing,1,healing
alerts-self-healing,1,scale
alerts-self-healing,1,failover
alerts-self-healing,1,alert
load-failure,1,load
load-failure,1,testing
load-failure,1,failure
load-failure,2,load.+testing
load-failure,2,failure.+conditions
load-failure,1.2,SRE
calculate-failure,1.2,SRE
calculate-failure,2,calculate
calculate-failure,1,failure
calculate-failure,1,conditions
baseline-metrics,1.2,SRE
baseline-metrics,1,measure
baseline-metrics,1,baseline
baseline-metrics,2,metrics
health-check-deps,1.2,SRE
health-check-deps,1,dependen.+
health-check-deps,1,health.+check
health-check-deps,1,health
timeouts-slo,1.2,SRE
timeouts-slo,1,health
timeouts-slo,1,response
timeouts-slo,1,timeout
timeouts-slo,1,SLO
partial-health,1.2,SRE
partial-health,1,partial
partial-health,1,health
health-check-compute,1,health
health-check-compute,1,check
health-check-compute,1,compute
health-check-compute,1,VM
health-check-compute,1,container
health-check-types,1,liveness
health-check-types,1,startup
health-check-types,1,shutdown